,question,response
0,What spices do you offer?,"We offer a wide range of spices including cinnamon, paprika, turmeric, cumin, and many more! You can explore our full catalog on our website."
1,Can you recommend some spices for a chicken dish?,"Absolutely! For chicken dishes, we recommend trying a blend of paprika, garlic powder, and thyme for a flavorful seasoning. It adds a delicious depth of flavor to your chicken."
2,Do you have any organic spices available?,"Yes, we do offer organic options for many of our spices. Look for the ""organic"" label on the product page to identify them."
3,How do I store spices properly to maintain their freshness?,"To maintain the freshness of your spices, store them in a cool, dark place away from heat and moisture. Airtight containers also help to preserve their flavor and aroma."
4,What's the difference between ground and whole spices?,"Ground spices are already powdered, while whole spices are in their original form, such as whole peppercorns or cinnamon sticks. Whole spices tend to have a longer shelf life and retain their flavor better when freshly ground."
5,Are your spices sourced ethically?,"Yes, we take great care in sourcing our spices ethically, ensuring fair trade practices and sustainable farming methods wherever possible."
6,I have allergies. Do your spices contain any common allergens?,"Our spices are typically free from common allergens like gluten, nuts, and soy. However, it's always best to check the product labels for specific information regarding allergens."
7,How can I use saffron in cooking?,"Saffron is a highly prized spice known for its unique flavor and vibrant color. You can use it to add a subtle yet distinctive taste to rice dishes, sauces, soups, and desserts. Remember to steep saffron threads in hot liquid before adding them to your dish to extract their full flavor."
8,What's the best spice blend for making curry?,"For a classic curry flavor, we recommend using a blend of cumin, coriander, turmeric, ginger, and chili powder. Adjust the quantities according to your taste preferences for a perfectly balanced curry."
9,Do you have any recipes featuring your spices?,"Yes, we have a collection of delicious recipes on our website that showcase the versatility of our spices. Feel free to explore and get inspired for your next culinary adventure!"
10,Can you provide recommendations for spices to use in vegetarian cooking?,"Absolutely! Spices like smoked paprika, cumin, coriander, and garam masala can add depth and flavor to vegetarian dishes like lentil soups, roasted vegetables, and tofu stir-fries."
11,What spices do you suggest for enhancing the flavor of grilled meats?,"For grilled meats, we recommend using a combination of spices such as garlic powder, onion powder, smoked paprika, black pepper, and a touch of cayenne for some heat. It creates a delicious crust and enhances the smoky flavor of grilled meats."
12,Are your spices suitable for international cuisines?,"Yes, our spices are versatile and suitable for various international cuisines. Whether you're cooking Indian, Mexican, Thai, or Italian dishes, our spices can add authentic flavor to your recipes."
13,Do you offer gift sets or spice kits?,"Yes, we offer curated spice gift sets and kits that make excellent gifts for culinary enthusiasts or anyone who loves to cook. Explore our selection on our website."
14,What spices can I use to make a homemade curry paste?,"To make a homemade curry paste, you can use a combination of fresh ingredients like ginger, garlic, chili peppers, along with spices such as coriander, cumin, turmeric, and garam masala. Blend them together to create a flavorful paste."
15,How can I make my own pumpkin spice blend at home?,"Making your own pumpkin spice blend is easy! Combine ground cinnamon, nutmeg, ginger, cloves, and a touch of allspice. Adjust the proportions according to your taste preferences and use it to spice up your favorite pumpkin dishes."
16,Are your spices non-GMO?,"Yes, we are committed to offering non-GMO spices. We prioritize sourcing high-quality ingredients that are free from genetically modified organisms."
17,Can you provide tips for using spices in baking?,"When using spices in baking, remember to sift them with your dry ingredients to ensure even distribution. Also, consider adding spices like cinnamon, nutmeg, and cardamom to enhance the flavor of cakes, cookies, and bread."
18,What's the best way to grind whole spices at home?,"For grinding whole spices at home, you can use a mortar and pestle, spice grinder, or a coffee grinder dedicated to spices. Just ensure that the grinder is clean and dry before use to prevent any flavor contamination."
19,Do you offer bulk purchasing options for spices?,"Yes, we offer bulk purchasing options for many of our spices. Whether you're a home cook or a restaurant owner, you can save money by buying in larger quantities. Contact us for more information on bulk pricing."
20,Are your spices certified organic?,"Yes, we offer a range of certified organic spices. Look for the organic certification label on the product packaging for verification."
21,Can you recommend spices for making homemade chai tea?,"Certainly! For homemade chai tea, we recommend using a blend of black tea, cinnamon sticks, cardamom pods, cloves, ginger, and a touch of black pepper. Simmer the spices in milk and water, then strain and sweeten to taste for a delicious chai tea experience."
22,What spices pair well with seafood dishes?,"Spices like lemon pepper, dill, paprika, and Old Bay seasoning complement seafood dishes beautifully. Experiment with different spice combinations to enhance the natural flavors of fish and shellfish."
23,How can I use spices to create a flavorful rub for grilling?,"To create a flavorful rub for grilling, combine spices like smoked paprika, brown sugar, garlic powder, onion powder, and cumin"
24,Are your spices gluten-free?,"Yes, the majority of our spices are gluten-free. However, it's always a good idea to check the product labels for any specific information regarding gluten content or potential cross-contamination."
